Expression,d,run,seed,train_mse,test_mse,expr
P2,2,0,0,1.2363877721166625e-11,3.9245060179382564e-10,1.60000004432493*X1**2 + 0.509999767042429*X1*X2 - 0.519999807105059*X1 + 1.04000007907718*X2**2 + 2.63999953623537*X2 - 2.95000009728513
P2,2,1,1,1.3005261979370884e-11,6.303598638623953e-10,1.59999990937729*X1**2 + 0.509999676454756*X1*X2 - 0.519999947477201*X1 + 1.03999998144571*X2**2 + 2.63999979896711*X2 - 2.94999929465608
P2,2,2,2,1.506028994314188e-11,5.632464308291674e-10,1.59999991071762*X1**2 + 0.510000155972919*X1*X2 - 0.520000015110565*X1 + 1.03999981749803*X2**2 + 2.64000014494388*X2 - 2.95000028188093
P2,2,3,3,1.0676143370145228e-10,4.193076165392995e-09,1.59999934050315*X1**2 + 0.509999755849371*X1*X2 - 0.519999837037879*X1 + 1.03999964393385*X2**2 + 2.6399995296527*X2 - 2.94999997340601
P2,2,4,4,7.154845761919802e-12,2.3773463908582925e-10,1.59999999307531*X1**2 + 0.510000119911901*X1*X2 - 0.520000090006516*X1 + 1.03999996911557*X2**2 + 2.6400003626878*X2 - 2.95000010928023
P2,4,0,0,8.735537711246355e-11,3.496606950648129e-09,2.614982e-9*X1**2*X2 + 1.59999942799053*X1**2 + 9.5705e-11*X1*X2**2 + 0.509999868009525*X1*X2 - 0.519999974014542*X1 + 8.76e-13*X2**3 + 1.03999971115242*X2**2 + 2.63999985190217*X2 - 2.95000017089645
P2,4,1,1,6.162505131190876e-12,2.2047606762498617e-10,1.59999997638398*X1**2 + 0.510000025466766*X1*X2 - 0.520000091365027*X1 + 1.04000002224764*X2**2 + 2.63999994568732*X2 - 2.95000010182349
P2,4,2,2,7.104436552940463e-12,3.241584636271e-10,1.59999986435077*X1**2 + 0.510000034418691*X1*X2 - 0.520000019419687*X1 + 1.03999995891517*X2**2 + 2.64000014019493*X2 - 2.94999950460284
P2,4,3,3,1.5780487541694478e-11,4.280154826119542e-10,1.59999998883685*X1**2 + 0.509999780669345*X1*X2 - 0.520000379535135*X1 + 1.03999991922422*X2**2 + 2.6399996073222*X2 - 2.95000046025954
P2,4,4,4,8.951834402914915e-11,2.9958173399791123e-09,1.59999940670337*X1**2 + 0.510000132663846*X1*X2 - 0.519999620074202*X1 + 1.03999973232748*X2**2 + 2.63999932481823*X2 - 2.94999997088183
P2,8,0,0,0.0012175940524936481,0.8330480930448976,-7.0530886197e-5*X1**4 - 7.2860252576e-5*X1**3*X2 - 2.6729473497e-5*X1**3 - 9.7275418653e-5*X1**2*X2**2 - 0.000189558079287*X1**2*X2 + 1.59975234563499*X1**2 - 3.968522102e-5*X1*X2**3 - 0.000104336979083*X1*X2**2 + 0.509572267371264*X1*X2 - 0.519819379963294*X1 - 1.7851343622e-5*X2**4 - 9.743394621e-5*X2**3 + 1.03974845245175*X2**2 + 2.64013520830763*X2 - 2.94978018881097
P2,8,1,1,6.784563483935857e-12,2.5547342374920846e-10,1.59999999829559*X1**2 + 0.5100001443516*X1*X2 - 0.519999720639817*X1 + 1.04000002039877*X2**2 + 2.6400001185018*X2 - 2.94999982822503
P2,8,2,2,3.514002279783601e-11,1.480133505538106e-09,1.59999944744435*X1**2 + 0.509999871876741*X1*X2 - 0.520000082733432*X1 + 1.03999998972619*X2**2 + 2.63999991621848*X2 - 2.94999956247132
P2,8,3,3,5.5489651241968916e-12,2.0345032680779695e-10,1.59999996726013*X1**2 + 0.510000004763739*X1*X2 - 0.520000081011684*X1 + 1.04000002230981*X2**2 + 2.64000008103512*X2 - 2.95000004226421
P2,8,4,4,2.8638954822218787e-11,1.1906813597306608e-09,1.60000029645375*X1**2 + 0.510000254559444*X1*X2 - 0.519999809063326*X1 + 1.0400001693354*X2**2 + 2.64000023887451*X2 - 2.95000000567688
P2,16,0,0,9.89289989427985e-06,0.020586514241076655,-2.04986718e-7*X1**4 + 2.0524096285e-5*X1**3*X2 + 6.264375189e-6*X1**3 - 3.2284671691e-5*X1**2*X2**2 - 3.943726385e-6*X1**2*X2 + 1.60025817237009*X1**2 + 5.383047991e-6*X1*X2**3 - 1.1491196643e-5*X1*X2**2 + 0.509646004166515*X1*X2 - 0.519993532814693*X1 + 5.4534403573e-5*X2**4 + 7.871528051e-6*X2**3 + 1.03911775648231*X2**2 + 2.63984663607348*X2 - 2.94922568718244
P2,16,1,1,2.6890343321830933e-11,9.86008672043681e-10,1.60000009610282*X1**2 + 0.509999921156486*X1*X2 - 0.519999695133617*X1 + 1.04000033995248*X2**2 + 2.6399996078704*X2 - 2.94999953488917
P2,16,2,2,1.5060702499361532e-11,6.119516910985112e-10,1.60000006847888*X1**2 + 0.509999913002284*X1*X2 - 0.519999914022621*X1 + 1.04000027548652*X2**2 + 2.63999999406372*X2 - 2.95000036718288
P2,16,3,3,8.189712611197942e-12,3.206077963113785e-10,1.60000006813157*X1**2 + 0.510000161618766*X1*X2 - 0.520000012434529*X1 + 1.03999984829567*X2**2 + 2.64000002155635*X2 - 2.95000019252214
P2,16,4,4,4.41863703768558e-11,1.2587552191689611e-09,1.59999974469709*X1**2 + 0.509999739362501*X1*X2 - 0.519999856143604*X1 + 1.03999983363557*X2**2 + 2.64000095936271*X2 - 2.95000122677853
P2,32,0,0,7.062559734954954e-12,2.4012115318328144e-10,1.60000001014007*X1**2 + 0.509999869884802*X1*X2 - 0.520000291697948*X1 + 1.0400000176528*X2**2 + 2.64000010265383*X2 - 2.95000006592408
P2,32,1,1,2.2954028375959945e-11,1.0233052307739854e-09,1.59999977650013*X1**2 + 0.509999549078955*X1*X2 - 0.520000117205129*X1 + 1.04000007896687*X2**2 + 2.63999981993864*X2 - 2.94999981455667
P2,32,2,2,2.1508307721657127e-11,2.2756430553272367e-09,-3.7514609e-8*X1**3 - 5.6272573e-8*X1**2*X2 + 1.60000020503424*X1**2 - 2.7980555e-8*X1*X2**2 + 0.51000001309236*X1*X2 - 0.520000047192335*X1 - 4.607585e-9*X2**3 + 1.03999998876965*X2**2 + 2.64000001568114*X2 - 2.95000013749315
P2,32,3,3,9.604629406037568e-11,3.739929525181651e-09,1.60000052837951*X1**2 + 0.510000065606109*X1*X2 - 0.520000123444817*X1 + 1.0400004709329*X2**2 + 2.64000018811885*X2 - 2.95000053125591
P2,32,4,4,9.411129351516446e-12,3.455352270975709e-10,1.59999977366196*X1**2 + 0.509999972170207*X1*X2 - 0.519999973832679*X1 + 1.04000006999307*X2**2 + 2.64000016171011*X2 - 2.94999991654542
P2,64,0,0,6.356360948873985e-12,1.982989488169551e-10,1.59999998899419*X1**2 + 0.51000007782634*X1*X2 - 0.520000063509362*X1 + 1.04000006336624*X2**2 + 2.64000000099654*X2 - 2.94999993783151
P2,64,1,1,5.428648347689802e-12,2.0209699869155884e-10,1.59999992832328*X1**2 + 0.510000005711313*X1*X2 - 0.520000109009654*X1 - 5.2306703e-8*X17 + 1.0399999964506*X2**2 + 2.63999994466488*X2 + 6.1896557e-8*X56 + 1.9417143e-8*X60 - 2.9499999873467
P2,64,2,2,6.66106057551491e-12,1.9495200831443072e-10,1.60000008702465*X1**2 + 0.51000005425323*X1*X2 - 0.520000109390718*X1 + 1.0400000131271*X2**2 + 2.63999977773506*X2 - 2.94999995081136
P2,64,3,3,6.7945658934268075e-12,2.514570951461792e-10,1.59999996117628*X1**2 + 0.509999887601259*X1*X2 - 0.519999837248832*X1 + 1.03999996985283*X2**2 + 2.639999790057*X2 - 2.94999955859831
P2,64,4,4,6.82515950440471e-12,2.4939072318375113e-10,1.59999991578886*X1**2 + 0.509999969234584*X1*X2 - 0.519999955909862*X1 + 1.03999993422789*X2**2 + 2.63999997955892*X2 - 2.95000000597704
