ablation,group,run,seed,n_train,n_features,use_skip_connections,weight_domain,library,imag_w_coeff_phase1,imag_w_coeff_phase2,imag_w_coeff_phase3,train_mse,test_interp_mse,test_extrap_mse,duration_s,symbolic_match,sympy_count_ops,true_expr,found_expr
ceql_original,A1_three_variate_linear_rational,0,0,128,3,True,complex,"id,id,id,const,const,square,square,div,div | id,id,id,const,const,square,square,div,div",1e-10,0.001,0.001,2.8453481215685773e-06,6.47276303025246e-07,2.5443223964364626e-07,418.5776752920028,0,13,(-2.09*x1 + 1.17*x2 + 0.60*x3 + 0.54)/(-2.02*x1 + 2.32*x2 + 1.86*x3 - 2.84),-0.37193*(-1.66907*x1 + 0.93436*x2 + 0.47916*x3 + 0.43124)/(0.59999*x1 - 0.6891*x2 - 0.55247*x3 + 0.84355)
ceql_original,A1_three_variate_linear_rational,1,1,128,3,True,complex,"id,id,id,const,const,square,square,div,div | id,id,id,const,const,square,square,div,div",1e-10,0.001,0.001,3.539192546484411e-08,7.001274434350419e-09,3.0583183593480443e-09,420.9862839580019,0,13,(-2.09*x1 + 1.17*x2 + 0.60*x3 + 0.54)/(-2.02*x1 + 2.32*x2 + 1.86*x3 - 2.84),0.24052*(-2.9662*x1 + 1.66051*x2 + 0.85154*x3 + 0.76639)/(-0.68955*x1 + 0.79196*x2 + 0.63493*x3 - 0.96946)
ceql_original,A1_three_variate_linear_rational,2,2,128,3,True,complex,"id,id,id,const,const,square,square,div,div | id,id,id,const,const,square,square,div,div",1e-10,0.001,0.001,3.866754749479817e-09,6.088634682927484e-09,4.3398474092919536e-09,414.94686562500283,0,35,(-2.09*x1 + 1.17*x2 + 0.60*x3 + 0.54)/(-2.02*x1 + 2.32*x2 + 1.86*x3 - 2.84),-0.12593*x1/(-0.75778*x1 + 0.87032*x2 + 0.69776*x3 - 1.06539) - 0.31694*x2/(-0.75778*x1 + 0.87032*x2 + 0.69776*x3 - 1.06539) - 0.3809*x3/(-0.75778*x1 + 0.87032*x2 + 0.69776*x3 - 1.06539) + 0.86847 + 1.12784/(-0.75778*x1 + 0.87032*x2 + 0.69776*x3 - 1.06539)
ceql_original,A1_three_variate_linear_rational,3,3,128,3,True,complex,"id,id,id,const,const,square,square,div,div | id,id,id,const,const,square,square,div,div",1e-10,0.001,0.001,3.306720179340196e-07,7.335460564733738e-08,2.951076401106838e-08,423.7230078339999,0,27,(-2.09*x1 + 1.17*x2 + 0.60*x3 + 0.54)/(-2.02*x1 + 2.32*x2 + 1.86*x3 - 2.84),1.06521*x1/(0.86971*x1 - 0.99887*x2 - 0.80082*x3 + 1.22276) - 0.69367*x2/(0.86971*x1 - 0.99887*x2 - 0.80082*x3 + 1.22276) - 0.4106*x3/(0.86971*x1 - 0.99887*x2 - 0.80082*x3 + 1.22276) - 0.19014
ceql_original,A1_three_variate_linear_rational,4,4,128,3,True,complex,"id,id,id,const,const,square,square,div,div | id,id,id,const,const,square,square,div,div",1e-10,0.001,0.001,83.5115088888092,34.93481768749166,17.299798841484325,439.642564709,0,27,(-2.09*x1 + 1.17*x2 + 0.60*x3 + 0.54)/(-2.02*x1 + 2.32*x2 + 1.86*x3 - 2.84),2.96055*x1/(1.7505*x1 - 2.05479*x2 - 1.67563*x3 + 1.03091) - 2.75679*x2/(1.7505*x1 - 2.05479*x2 - 1.67563*x3 + 1.03091) - 1.90114*x3/(1.7505*x1 - 2.05479*x2 - 1.67563*x3 + 1.03091) - 0.61142
ceql_original_with_log,A1_three_variate_linear_rational,0,0,128,3,True,complex,"id,id,id,log,log,const,const,square,square,div,div | id,id,id,log,log,const,const,square,square,div,div",1e-10,0.001,0.001,0.9750564630808768,5.5003934023254635,5.425103064494002,490.71206329200504,0,32,(-2.09*x1 + 1.17*x2 + 0.60*x3 + 0.54)/(-2.02*x1 + 2.32*x2 + 1.86*x3 - 2.84),-0.04238*x1 + 0.76108*x1/(0.71669*x1 - 0.81652*x2 - 0.65689*x3 + 0.99992) - 0.01504*x2 - 0.4728*x2/(0.71669*x1 - 0.81652*x2 - 0.65689*x3 + 0.99992) + 0.05033*x3 - 0.3282*x3/(0.71669*x1 - 0.81652*x2 - 0.65689*x3 + 0.99992)
ceql_original_with_log,A1_three_variate_linear_rational,1,1,128,3,True,complex,"id,id,id,log,log,const,const,square,square,div,div | id,id,id,log,log,const,const,square,square,div,div",1e-10,0.001,0.001,1.307061870024678e-06,9.884369393320462e-07,2.2965403354387772e-07,481.47613483400346,0,35,(-2.09*x1 + 1.17*x2 + 0.60*x3 + 0.54)/(-2.02*x1 + 2.32*x2 + 1.86*x3 - 2.84),0.50843*x1/(1.4162*x1 - 1.62653*x2 - 1.30403*x3 + 1.9911) + 0.27868*x2/(1.4162*x1 - 1.62653*x2 - 1.30403*x3 + 1.9911) + 0.46041*x3/(1.4162*x1 - 1.62653*x2 - 1.30403*x3 + 1.9911) + 0.67565 - 1.72387/(1.4162*x1 - 1.62653*x2 - 1.30403*x3 + 1.9911)
ceql_original_with_log,A1_three_variate_linear_rational,2,2,128,3,True,complex,"id,id,id,log,log,const,const,square,square,div,div | id,id,id,log,log,const,const,square,square,div,div",1e-10,0.001,0.001,83.55906217237997,34.7437961296454,18.475865389095986,493.402716083001,0,32,(-2.09*x1 + 1.17*x2 + 0.60*x3 + 0.54)/(-2.02*x1 + 2.32*x2 + 1.86*x3 - 2.84),0.24418*(5.64552*x1 - 3.51608*x2 - 3.29113*x3)**2/(7.83454*x1**2 - 14.25227*x1*x2 - 10.52806*x1*x3 + 8.23615*x1 + 6.36881*x2**2 + 9.50603*x2*x3 - 4.46828*x2 + 3.52604*x3**2 - 9.67081*x3 + 8.86601)
ceql_original_with_log,A1_three_variate_linear_rational,3,3,128,3,True,complex,"id,id,id,log,log,const,const,square,square,div,div | id,id,id,log,log,const,const,square,square,div,div",1e-10,0.001,0.001,79.03642443479603,38.30703925651772,17.94487701155272,491.0178667079963,0,35,(-2.09*x1 + 1.17*x2 + 0.60*x3 + 0.54)/(-2.02*x1 + 2.32*x2 + 1.86*x3 - 2.84),0.74613*x1/(0.78534*x1 - 1.04501*x2 - 0.95656*x3 + 1.04319) - 0.35476*x2/(0.78534*x1 - 1.04501*x2 - 0.95656*x3 + 1.04319) - 0.00666*x3/(0.78534*x1 - 1.04501*x2 - 0.95656*x3 + 1.04319) + 0.26774 - 0.62942/(0.78534*x1 - 1.04501*x2 - 0.95656*x3 + 1.04319)
ceql_original_with_log,A1_three_variate_linear_rational,4,4,128,3,True,complex,"id,id,id,log,log,const,const,square,square,div,div | id,id,id,log,log,const,const,square,square,div,div",1e-10,0.001,0.001,84.91649725523746,37.28719121419549,18.471954661097556,510.1227576250021,0,150,(-2.09*x1 + 1.17*x2 + 0.60*x3 + 0.54)/(-2.02*x1 + 2.32*x2 + 1.86*x3 - 2.84),0.4369*x1/(-0.25951*x1**2 - 0.00961*x1**2/(0.25132*x1 - 0.08047*x2) - 0.05389*x1**2/(0.18084*x1 - 0.33449*x2) + 0.65583*x1*x2 + 0.01929*x1*x2/(0.25132*x1 - 0.08047*x2) + 0.1676*x1*x2/(0.18084*x1 - 0.33449*x2) + 0.25782*x1*x3 - 0.32519*x2**2 - 0.00282*x2**2/(0.25132*x1 - 0.08047*x2) - 0.12564*x2**2/(0.18084*x1 - 0.33449*x2) - 0.47689*x2*x3) - 0.55068*x2/(-0.25951*x1**2 - 0.00961*x1**2/(0.25132*x1 - 0.08047*x2) - 0.05389*x1**2/(0.18084*x1 - 0.33449*x2) + 0.65583*x1*x2 + 0.01929*x1*x2/(0.25132*x1 - 0.08047*x2) + 0.1676*x1*x2/(0.18084*x1 - 0.33449*x2) + 0.25782*x1*x3 - 0.32519*x2**2 - 0.00282*x2**2/(0.25132*x1 - 0.08047*x2) - 0.12564*x2**2/(0.18084*x1 - 0.33449*x2) - 0.47689*x2*x3) - 0.93703*x3/(-1.43507*x1 - 0.05312*x1/(0.25132*x1 - 0.08047*x2) - 0.298*x1/(0.18084*x1 - 0.33449*x2) + 0.97219*x2 + 0.00843*x2/(0.25132*x1 - 0.08047*x2) + 0.37561*x2/(0.18084*x1 - 0.33449*x2) + 1.42571*x3) + 0.79018
ceql_real_weights,A1_three_variate_linear_rational,0,0,128,3,True,real,"id,id,id,const,const,square,square,div,div | id,id,id,const,const,square,square,div,div",1e-10,0.001,0.001,82.8019512631794,35.308467981923776,22.606793071092355,426.4565040000016,0,23,(-2.09*x1 + 1.17*x2 + 0.60*x3 + 0.54)/(-2.02*x1 + 2.32*x2 + 1.86*x3 - 2.84),-0.00087*x1**2 - 0.11407*x1*x2 - 0.10504*x1*x3 + 0.17799*x1 + 0.09954*x2**2 + 0.12365*x2*x3 + 0.10898*x2 + 0.02969*x3**2 + 0.17022*x3
ceql_real_weights,A1_three_variate_linear_rational,1,1,128,3,True,real,"id,id,id,const,const,square,square,div,div | id,id,id,const,const,square,square,div,div",1e-10,0.001,0.001,nan,nan,nan,387.9808852920032,0,6,(-2.09*x1 + 1.17*x2 + 0.60*x3 + 0.54)/(-2.02*x1 + 2.32*x2 + 1.86*x3 - 2.84),0.12262*x1 + 0.12994*x2 + 0.1802*x3 - 1.34361
ceql_real_weights,A1_three_variate_linear_rational,2,2,128,3,True,real,"id,id,id,const,const,square,square,div,div | id,id,id,const,const,square,square,div,div",1e-10,0.001,0.001,82.58428099610143,35.41665104607453,82.51400961653877,426.87008216600225,0,68,(-2.09*x1 + 1.17*x2 + 0.60*x3 + 0.54)/(-2.02*x1 + 2.32*x2 + 1.86*x3 - 2.84),-0.03058*x1**2 - 0.04514*x1*x2**2 - 0.06871*x1*x2*x3 + 0.00628*x1*x2 - 0.02614*x1*x3**2 - 0.08035*x1*x3 + 0.26815*x1 - 0.01666*x2**4 - 0.05072*x2**3*x3 + 0.00464*x2**3 - 0.0579*x2**2*x3**2 - 0.05225*x2**2*x3 + 0.27031*x2**2 - 0.02937*x2*x3**3 - 0.08759*x2*x3**2 + 0.36723*x2*x3 + 0.22208*x2 - 0.00559*x3**4 - 0.03435*x3**3 + 0.06625*x3**2 + 0.35516*x3
ceql_real_weights,A1_three_variate_linear_rational,3,3,128,3,True,real,"id,id,id,const,const,square,square,div,div | id,id,id,const,const,square,square,div,div",1e-10,0.001,0.001,84.25475380592567,35.384850556727876,20.516230641669758,433.75179941599345,0,13,(-2.09*x1 + 1.17*x2 + 0.60*x3 + 0.54)/(-2.02*x1 + 2.32*x2 + 1.86*x3 - 2.84),-0.00149*x1**2 - 0.15088*x1*x3 + 0.03682*x1 - 0.04755*x3**2 + 0.2525*x3 + 0.41576
ceql_real_weights,A1_three_variate_linear_rational,4,4,128,3,True,real,"id,id,id,const,const,square,square,div,div | id,id,id,const,const,square,square,div,div",1e-10,0.001,0.001,83.69795394342117,35.34122473472761,18.27202854355102,431.9612509169965,0,6,(-2.09*x1 + 1.17*x2 + 0.60*x3 + 0.54)/(-2.02*x1 + 2.32*x2 + 1.86*x3 - 2.84),0.0654*x1 + 0.11175*x2 + 0.18312*x3 + 0.30154
ceql_no_imaginary_penalty,A1_three_variate_linear_rational,0,0,128,3,True,complex,"id,id,id,const,const,square,square,div,div | id,id,id,const,const,square,square,div,div",0.0,0.0,0.0,1.1223279422871734e-07,0.0003138991672195561,0.0001957478430337399,391.8197194579989,0,26,(-2.09*x1 + 1.17*x2 + 0.60*x3 + 0.54)/(-2.02*x1 + 2.32*x2 + 1.86*x3 - 2.84),0.74778*x1/(1.38763*x1 - 1.59383*x2 - 1.27782*x3 + 1.95098) + 0.23594*x3/(1.38763*x1 - 1.59383*x2 - 1.27782*x3 + 1.95098) + 0.50431 - 1.37665/(1.38763*x1 - 1.59383*x2 - 1.27782*x3 + 1.95098)
ceql_no_imaginary_penalty,A1_three_variate_linear_rational,1,1,128,3,True,complex,"id,id,id,const,const,square,square,div,div | id,id,id,const,const,square,square,div,div",0.0,0.0,0.0,1.821445454646713e-06,0.0015784497343965603,0.0007782835244778903,402.63666020800156,0,35,(-2.09*x1 + 1.17*x2 + 0.60*x3 + 0.54)/(-2.02*x1 + 2.32*x2 + 1.86*x3 - 2.84),-0.38715*x1/(-1.30518*x1 + 1.49942*x2 + 1.20218*x3 - 1.83517) - 0.45753*x2/(-1.30518*x1 + 1.49942*x2 + 1.20218*x3 - 1.83517) - 0.61466*x3/(-1.30518*x1 + 1.49942*x2 + 1.20218*x3 - 1.83517) + 0.77327 + 2.00622/(-1.30518*x1 + 1.49942*x2 + 1.20218*x3 - 1.83517)
ceql_no_imaginary_penalty,A1_three_variate_linear_rational,2,2,128,3,True,complex,"id,id,id,const,const,square,square,div,div | id,id,id,const,const,square,square,div,div",0.0,0.0,0.0,4.3950952269134354e-07,8.323004894660536e-05,1.0994791204948452e-05,396.4586082079986,0,35,(-2.09*x1 + 1.17*x2 + 0.60*x3 + 0.54)/(-2.02*x1 + 2.32*x2 + 1.86*x3 - 2.84),-0.58108*x1/(-1.37796*x1 + 1.58258*x2 + 1.26873*x3 - 1.93732) - 0.18947*x2/(-1.37796*x1 + 1.58258*x2 + 1.26873*x3 - 1.93732) - 0.3873*x3/(-1.37796*x1 + 1.58258*x2 + 1.26873*x3 - 1.93732) + 0.62158 + 1.60541/(-1.37796*x1 + 1.58258*x2 + 1.26873*x3 - 1.93732)
ceql_no_imaginary_penalty,A1_three_variate_linear_rational,3,3,128,3,True,complex,"id,id,id,const,const,square,square,div,div | id,id,id,const,const,square,square,div,div",0.0,0.0,0.0,0.23594939782226432,14.349696609976155,16.966820031006524,393.70654662499874,0,17,(-2.09*x1 + 1.17*x2 + 0.60*x3 + 0.54)/(-2.02*x1 + 2.32*x2 + 1.86*x3 - 2.84),0.71716*x1/(1.14654*x1 - 1.30778*x2 - 1.03203*x3 + 1.60143) + 0.41677 - 0.98501/(1.14654*x1 - 1.30778*x2 - 1.03203*x3 + 1.60143)
ceql_no_imaginary_penalty,A1_three_variate_linear_rational,4,4,128,3,True,complex,"id,id,id,const,const,square,square,div,div | id,id,id,const,const,square,square,div,div",0.0,0.0,0.0,1.0894263895162014e-10,2.8835097225697475e-07,2.0473026291418247e-07,402.51691458300047,0,35,(-2.09*x1 + 1.17*x2 + 0.60*x3 + 0.54)/(-2.02*x1 + 2.32*x2 + 1.86*x3 - 2.84),-10.32002*x1/(-1.10486*x1 + 1.26907*x2 + 1.01733*x3 - 1.55336) + 10.75748*x2/(-1.10486*x1 + 1.26907*x2 + 1.01733*x3 - 1.55336) + 8.32365*x3/(-1.10486*x1 + 1.26907*x2 + 1.01733*x3 - 1.55336) - 4.70495 - 11.41312/(-1.10486*x1 + 1.26907*x2 + 1.01733*x3 - 1.55336)
ceql_no_skip_connections,A1_three_variate_linear_rational,0,0,128,3,False,complex,"id,id,id,const,const,square,square,div,div | id,id,id,const,const,square,square,div,div",1e-10,0.001,0.001,1.0138747197170568e-07,4.566612686488529e-08,5.560992691594778e-09,430.3083975410045,0,35,(-2.09*x1 + 1.17*x2 + 0.60*x3 + 0.54)/(-2.02*x1 + 2.32*x2 + 1.86*x3 - 2.84),-0.22447*x1/(-0.4516*x1 + 0.51866*x2 + 0.41583*x3 - 0.63492) - 0.01726*x2/(-0.4516*x1 + 0.51866*x2 + 0.41583*x3 - 0.63492) - 0.08941*x3/(-0.4516*x1 + 0.51866*x2 + 0.41583*x3 - 0.63492) + 0.53759 + 0.46205/(-0.4516*x1 + 0.51866*x2 + 0.41583*x3 - 0.63492)
ceql_no_skip_connections,A1_three_variate_linear_rational,1,1,128,3,False,complex,"id,id,id,const,const,square,square,div,div | id,id,id,const,const,square,square,div,div",1e-10,0.001,0.001,6.408398750436627e-07,1.9798160236976182e-07,5.1893089403049774e-08,424.72152345799987,0,35,(-2.09*x1 + 1.17*x2 + 0.60*x3 + 0.54)/(-2.02*x1 + 2.32*x2 + 1.86*x3 - 2.84),-0.85497*x1/(-1.39803*x1 + 1.60566*x2 + 1.2873*x3 - 1.96555) + 0.13039*x2/(-1.39803*x1 + 1.60566*x2 + 1.2873*x3 - 1.96555) - 0.1294*x3/(-1.39803*x1 + 1.60566*x2 + 1.2873*x3 - 1.96555) + 0.4231 + 1.20536/(-1.39803*x1 + 1.60566*x2 + 1.2873*x3 - 1.96555)
ceql_no_skip_connections,A1_three_variate_linear_rational,2,2,128,3,False,complex,"id,id,id,const,const,square,square,div,div | id,id,id,const,const,square,square,div,div",1e-10,0.001,0.001,1.1739352066987657e-06,9.761219295520612e-07,1.4353161580636446e-07,432.05084116699436,0,35,(-2.09*x1 + 1.17*x2 + 0.60*x3 + 0.54)/(-2.02*x1 + 2.32*x2 + 1.86*x3 - 2.84),0.18601*x1/(0.69417*x1 - 0.79726*x2 - 0.63918*x3 + 0.97595) + 0.20919*x2/(0.69417*x1 - 0.79726*x2 - 0.63918*x3 + 0.97595) + 0.28387*x3/(0.69417*x1 - 0.79726*x2 - 0.63918*x3 + 0.97595) + 0.7667 - 0.93383/(0.69417*x1 - 0.79726*x2 - 0.63918*x3 + 0.97595)
ceql_no_skip_connections,A1_three_variate_linear_rational,3,3,128,3,False,complex,"id,id,id,const,const,square,square,div,div | id,id,id,const,const,square,square,div,div",1e-10,0.001,0.001,0.10390098186385238,91.20759101630098,179.3470102091287,431.4511717919959,0,62,(-2.09*x1 + 1.17*x2 + 0.60*x3 + 0.54)/(-2.02*x1 + 2.32*x2 + 1.86*x3 - 2.84),-0.05125*x1 + 1.20331*x1/(1.11152*x1 - 1.25277*x2 - 1.01858*x3 + 1.55673) - 0.00374*x2**2/(1.11152*x1 - 1.25277*x2 - 1.01858*x3 + 1.55673) - 0.04051*x2*x3/(1.11152*x1 - 1.25277*x2 - 1.01858*x3 + 1.55673) - 0.00044*x2 - 0.70528*x2/(1.11152*x1 - 1.25277*x2 - 1.01858*x3 + 1.55673) - 0.10964*x3**2/(1.11152*x1 - 1.25277*x2 - 1.01858*x3 + 1.55673) - 0.03144*x3 - 0.30495*x3/(1.11152*x1 - 1.25277*x2 - 1.01858*x3 + 1.55673)
ceql_no_skip_connections,A1_three_variate_linear_rational,4,4,128,3,False,complex,"id,id,id,const,const,square,square,div,div | id,id,id,const,const,square,square,div,div",1e-10,0.001,0.001,1.1099217574157053e-06,4.3758612027719703e-07,1.2989213650237873e-07,418.4344537920042,0,35,(-2.09*x1 + 1.17*x2 + 0.60*x3 + 0.54)/(-2.02*x1 + 2.32*x2 + 1.86*x3 - 2.84),-0.58191*x1/(-1.38803*x1 + 1.59417*x2 + 1.27809*x3 - 1.95148) - 0.17713*x2/(-1.38803*x1 + 1.59417*x2 + 1.27809*x3 - 1.95148) - 0.37428*x3/(-1.38803*x1 + 1.59417*x2 + 1.27809*x3 - 1.95148) + 0.61542 + 1.57204/(-1.38803*x1 + 1.59417*x2 + 1.27809*x3 - 1.95148)
